pmcid,pmid,resource_name,matched_alias,num_matches,mean_confidence
PMC9672531,36451628,ENA,ENA,1,0.9989081621170044
PMC9672531,36451628,ENA,GCA,1,0.9989331364631653
PMC9672531,36451628,ENA,INSDC,1,0.9993942975997925
PMC9672531,36451628,ENA,NCBI,2,0.9927913248538971
PMC9672531,36451628,INSDC,INSDC,1,0.9993942975997925
